链接,用户名,性别,粉丝数,关注数,收藏数,笔记数,点赞数,等级,位置,认证名,主页描述
https://www.xiaohongshu.com/user/profile/5aba62f711be10266011d212?xhsshare=CopyLink&appuid=5a94e4544eacab3e3c4eb104&apptime=1640237341,是小宝鸭,女,88630,48,120384,65,561079,铜冠薯,上海 长宁区,美妆博主,"161/85 
🎵：偶尔摘星✨
🧣：没写情书_
感谢仙女喜欢ଘ(੭ˊ꒳​ˋ)੭✧
❤️🧡💛💚💙💜🖤🤍🤎"
https://www.xiaohongshu.com/user/profile/5732bdf582ec390aff193608?xhsshare=CopyLink&appuid=5a94e4544eacab3e3c4eb104&apptime=1640237428,hello我是沱沱,女,2695282,196,2271870,1040,3586348,金冠薯,四川  成都,时尚博主,"又乖又酷的野路子川妹儿📮cdtaolesi@163.com
全部都同名@hello我是沱沱"
https://www.xiaohongshu.com/user/profile/5a7be8a911be105b172a573a?xhsshare=CopyLink&appuid=5a94e4544eacab3e3c4eb104&apptime=1640237688,芯芯还没睡,女,122131,156,244495,209,628189,金冠薯,地球的某一片红薯地,,"沙漠干皮 敏感肌
东北人在杭州嘻嘻
分享一切变美的东西
各平台同名
商务v FGDHyyds"
https://www.xiaohongshu.com/user/profile/59b005846a6a697f6a6ed660?xhsshare=CopyLink&appuid=5a94e4544eacab3e3c4eb104&apptime=1640237856,吃掉蓝色,女,114849,200,201082,95,481379,金冠薯,中国  四川  成都,博主,"干敏肌
普通女孩
不签约 谢～
🧣喝点蓝色"
https://www.xiaohongshu.com/user/profile/59f709254eacab3f56cc677b?xhsshare=CopyLink&appuid=5a94e4544eacab3e3c4eb104&apptime=1640237968,奶茶要不要🍼,女,10933,142,19338,65,29299,金冠薯,地球的某一片红薯地,美妆博主,"🎓 学设计的退役空姐
♠️真诚分享喜欢的妆面&爱用物
◾️中庭偏长/肉肉脸/鼻子没整
📷 均相机拍摄：无滤镜（不要连赞噢"